<?xml version="1.0" encoding="utf-8"?>
<!--/1057753/1245687/2.50/2/2/Crystal or Oscillator/-->
<quadcept_library>
  <setting unit="mil" />
  <textstyle name="Default" height="47.244094488189" strokewidth="7.8740157480315" charwidth="47.244094488189" />
  <textstyle name="Dimension" height="19.6850393700787" strokewidth="0" charwidth="19.6850393700787" />
  <textstyle name="H127W0635TH00762" height="50" strokewidth="3" charwidth="25" />
  <textstyle name="H15W15TH02" height="59.0551181102362" strokewidth="7.8740157480315" charwidth="59.0551181102362" />
  <padstyle name="s120.5_h65.7" surface="False" plated="True" isvia="False" nopaste="True" nomask="True" complex="False" holesize="25.866141732283">
    <padshape layer="TOP" shape="square" width="47.440944881889" height="47.440944881889" />
    <padshape layer="TOP_SOLDER_MASK" shape="square" width="55.314960629921" height="55.314960629921" />
    <padshape layer="INNER" shape="square" width="47.440944881889" height="47.440944881889" />
    <padshape layer="BOTTOM" shape="square" width="47.440944881889" height="47.440944881889" />
    <padshape layer="BOTTOM_SOLDER_MASK" shape="square" width="55.314960629921" height="55.314960629921" />
  </padstyle>
  <padstyle name="c120.5_h65.7" surface="False" plated="True" isvia="False" nopaste="True" nomask="True" complex="False" holesize="25.866141732283">
    <padshape layer="TOP" shape="round" width="47.440944881889" height="47.440944881889" />
    <padshape layer="TOP_SOLDER_MASK" shape="round" width="55.314960629921" height="55.314960629921" />
    <padshape layer="INNER" shape="round" width="47.440944881889" height="47.440944881889" />
    <padshape layer="BOTTOM" shape="round" width="47.440944881889" height="47.440944881889" />
    <padshape layer="BOTTOM_SOLDER_MASK" shape="round" width="55.314960629921" height="55.314960629921" />
  </padstyle>
  <footprint name="ABL" originx="0" originy="0" pickpointx="0" pickpointy="0">
    <pcbpin number="1" name="1" style="s120.5_h65.7" originx="0" originy="0" rotation="90" />
    <pcbpin number="2" name="2" style="c120.5_h65.7" originx="192.12598425197" originy="0" rotation="90" />
    <line layer="TOP_PLACE_BOUND" originx="-169.68503937008" originy="137.79527559055" endx="361.81102362204" endy="137.79527559055" width="3.9370078740157" />
    <line layer="TOP_PLACE_BOUND" originx="361.81102362204" originy="137.79527559055" endx="361.81102362204" endy="-137.79527559055" width="3.9370078740157" />
    <line layer="TOP_PLACE_BOUND" originx="361.81102362204" originy="-137.79527559055" endx="-169.68503937008" endy="-137.79527559055" width="3.9370078740157" />
    <line layer="TOP_PLACE_BOUND" originx="-169.68503937008" originy="-137.79527559055" endx="-169.68503937008" endy="137.79527559055" width="3.9370078740157" />
    <line layer="TOP_ASSEMBLY" originx="-31.889763779527" originy="98.425196850392" endx="-31.889763779527" endy="98.425196850392" width="3.9370078740157" />
    <arc layer="TOP_ASSEMBLY" originx="-31.889763779527" originy="0" startangle="90.0" sweepangle="180.0" radius="98.425196850392" width="3.9370078740157" />
    <line layer="TOP_ASSEMBLY" originx="-31.889763779527" originy="-98.425196850392" endx="224.01574803149" endy="-98.425196850392" width="3.9370078740157" />
    <line layer="TOP_ASSEMBLY" originx="224.01574803149" originy="-98.425196850392" endx="224.01574803149" endy="-98.425196850392" width="3.9370078740157" />
    <arc layer="TOP_ASSEMBLY" originx="224.01574803149" originy="0" startangle="-90.0" sweepangle="180.0" radius="98.425196850392" width="3.9370078740157" />
    <line layer="TOP_ASSEMBLY" originx="224.01574803149" originy="98.425196850392" endx="-31.889763779527" endy="98.425196850392" width="3.9370078740157" />
    <line layer="TOP_SILKSCREEN" originx="-31.889763779527" originy="98.425196850392" endx="-31.889763779527" endy="98.425196850392" width="7.8740157480314" />
    <arc layer="TOP_SILKSCREEN" originx="-31.889763779527" originy="0" startangle="90.0" sweepangle="180.0" radius="98.425196850392" width="7.8740157480314" />
    <line layer="TOP_SILKSCREEN" originx="-31.889763779527" originy="-98.425196850392" endx="224.01574803149" endy="-98.425196850392" width="7.8740157480314" />
    <line layer="TOP_SILKSCREEN" originx="224.01574803149" originy="-98.425196850392" endx="224.01574803149" endy="-98.425196850392" width="7.8740157480314" />
    <arc layer="TOP_SILKSCREEN" originx="224.01574803149" originy="0" startangle="-90.0" sweepangle="180.0" radius="98.425196850392" width="7.8740157480314" />
    <line layer="TOP_SILKSCREEN" originx="224.01574803149" originy="98.425196850392" endx="-31.889763779527" endy="98.425196850392" width="7.8740157480314" />
  </footprint>
  <symbol name="ABL-7.3728MHZ-B2" originx="0" originy="0">
    <line originx="120" originy="100" endx="120" endy="-100" width="0" />
    <line originx="280" originy="100" endx="280" endy="-100" width="0" />
    <line originx="160" originy="140" endx="160" endy="-140" width="0" />
    <line originx="240" originy="-140" endx="160" endy="-140" width="0" />
    <line originx="240" originy="-140" endx="240" endy="140" width="0" />
    <line originx="160" originy="140" endx="240" endy="140" width="0" />
    <line originx="280" originy="0" endx="300" endy="0" width="0" />
    <line originx="120" originy="0" endx="100" endy="0" width="0" />
    <sympin number="1" originx="100" originy="0" rotation="180" length="100" width="7.8740157480315" flipped="False">
      <text name="pinname" originx="140" originy="10" style="Default" rotation="0" justify="left" flipped="False" hidden="True" data="1" />
      <text name="pindes" originx="60" originy="10" style="Default" rotation="0" justify="lowerright" flipped="False" hidden="False" data="1" />
    </sympin>
    <sympin number="2" originx="300" originy="0" rotation="0" length="100" width="7.8740157480315" flipped="False">
      <text name="pinname" originx="260" originy="10" style="Default" rotation="0" justify="right" flipped="False" hidden="True" data="2" />
      <text name="pindes" originx="340" originy="10" style="Default" rotation="0" justify="lowerleft" flipped="False" hidden="False" data="2" />
    </sympin>
  </symbol>
  <component name="ABL-7.3728MHZ-B2" designatorprefix="Y" height="0" footprint="ABL">
    <comppin designator="1" sympin="1" pinswap="0" gateswap="0" gate="1" group="1" side="" type="Any" name="1" />
    <comppin designator="2" sympin="2" pinswap="0" gateswap="0" gate="1" group="1" side="" type="Any" name="2" />
    <attached_symbol gate="1" name="ABL-7.3728MHZ-B2" />
    <pinmap designator="1" footprintpin="1" />
    <pinmap designator="2" footprintpin="2" />
    <text name="Datasheet" originx="0" originy="0" style="Default" rotation="0" justify="" flipped="False" hidden="True" data="https://abracon.com/Resonators/ABL.pdf" />
    <text name="Description" originx="0" originy="0" style="Default" rotation="0" justify="" flipped="False" hidden="True" data="Crystals +/-20ppm 7.3728MHZ FUNDAMENTAL" />
    <text name="Mouser Part Number" originx="0" originy="0" style="Default" rotation="0" justify="" flipped="False" hidden="True" data="815-ABL-7.3728-B2" />
    <text name="Mouser Price/Stock" originx="0" originy="0" style="Default" rotation="0" justify="" flipped="False" hidden="True" data="https://www.mouser.co.uk/ProductDetail/ABRACON/ABL-7.3728MHZ-B2?qs=H8AWquzS%2FlMl5W3SEVtd2Q%3D%3D" />
    <text name="Manufacturer_Name" originx="0" originy="0" style="Default" rotation="0" justify="" flipped="False" hidden="True" data="ABRACON" />
    <text name="Manufacturer_Part_Number" originx="350" originy="150" style="Default" rotation="0" justify="left" flipped="False" hidden="False" data="ABL-7.3728MHZ-B2" />
  </component>
</quadcept_library>
